EXT_SOURCE_3;EXT_SOURCE_2;AMT_GOODS_PRICE;AMT_ANNUITY;CODE_GENDER;DAYS_ID_PUBLISH;DAYS_REGISTRATION;DAYS_EMPLOYED;DAYS_BIRTH;REGION_POPULATION_RELATIVE;YEARS_EMPLOYED;YEARS_REGISTRATION;YEARS_ID_PUBLISH;NEW_CREDIT_TO_ANNUITY_RATIO;NEW_REFUND_PERCENT;NEW_CREDIT_TO_GOODS_RATIO;NEW_INCOME_PER_PERSON;NEW_EMPLOY_TO_BIRTH_RATIO;NEW_ANNUITY_TO_INCOME_PERCENT;BURO_DAYS_CREDIT_MAX;BURO_AMT_CREDIT_MAX_OVERDUE_MEAN;ACTIVE_DAYS_CREDIT_MAX;ACTIVE_DAYS_CREDIT_ENDDATE_MIN;ACTIVE_DAYS_CREDIT_ENDDATE_MAX;ACTIVE_DAYS_CREDIT_ENDDATE_MEAN;ACTIVE_DAYS_CREDIT_UPDATE_MEAN;CLOSED_AMT_CREDIT_SUM_SUM;PREV_APP_CREDIT_PERC_MEAN;PREV_HOUR_APPR_PROCESS_START_MEAN;PREV_CNT_PAYMENT_MEAN;TARGET;SK_ID_CURR
0.4974688893052743;0.2024861891274477;675000.0;36328.5;1;-4105;-2561.0;-3134.0;-15266;0.031329;8.59;7.02;11.25;20.78781122259383;4.8105112620665;1.1188;52500.0;0.2095121951219512;23.06571428571429;-790.0;303.75;-790.0;0.0;305.0;152.5;-30.5;417829.5;1.12500673818123;10.0;2.0;0;104751
0.6674577419214722;0.5613953483321269;675000.0;23773.5;1;-3306;-4670.0;-5642.0;-22906;0.01885;15.46;12.79;9.06;34.01476433844407;2.939899833055092;1.198;135000.0;0.2493548387096774;17.61;-1655.0;0.0;-1655.0;0.0;0.0;0.0;-802.0;490097.7;1.2400291990178511;15.666666666666666;14.666666666666666;0;104786
0.3154721549257734;0.2387781764778277;450000.0;21109.5;1;-2741;-547.0;-578.0;-11386;0.006629;1.58;1.5;7.51;21.317416329140908;4.691;1.0;112500.0;0.0509677419354838;9.382;-36.0;0.0;-36.0;0.0;10562.0;2209.6;-96.2;435066.57;0.9498666123331316;7.0;6.0;0;105060
0.5352762504724826;0.7216252143496428;450000.0;24259.5;0;-777;-7295.0;-2425.0;-17228;0.04622;6.64;19.99;2.13;26.384715266184383;3.7900731158605176;1.4224;135000.0;0.1412765957446808;8.985;-300.0;0.0;-264.0;85.0;1021.0;620.0;-30.0;435066.57;0.9725788556031068;13.0;6.0;0;105902
0.1482543790610911;0.1703080016699015;315000.0;15750.0;1;-5126;-3075.0;-2278.0;-14200;0.025164;6.24;8.42;14.04;20.0;5.0;1.0;112500.0;0.1642105263157894;14.000000000000002;-491.0;0.0;-527.0;0.0;1130.0;565.0;-8.0;776337.3;1.081535604743375;13.636363636363637;12.545454545454543;0;109938
0.1455428133497032;0.5964181157109354;225000.0;11250.0;1;-2240;-8695.0;-4590.0;-18692;0.010276;12.58;23.82;6.14;20.0;5.0;1.0;67500.0;0.2466666666666666;8.333333333333332;-49.0;0.0;-49.0;256.0;1406.0;661.0;-12.333333333333334;241285.5;1.0290980419791256;14.4;14.8;0;113600
0.1766525794312139;0.6503919690347918;900000.0;40671.0;0;-3274;-4624.0;-1557.0;-12947;0.006629;4.27;12.67;8.97;22.12878955521133;4.519;1.0;270000.0;0.1219999999999999;7.531666666666667;-345.0;2640.105;-345.0;202.0;27420.0;9439.0;-17.666666666666668;235073.52;0.7853025936599424;5.0;12.0;0;118839
0.6832688314232291;0.5563007435444174;157500.0;11034.0;1;-3926;-2713.0;-2370.0;-14187;0.018634;6.49;7.43;10.76;16.158238172920065;6.18879353861686;1.132;33000.0;0.1707894736842105;11.145454545454546;-321.0;0.0;-321.0;775.0;775.0;775.0;-13.0;513715.95;1.0087528190808126;12.666666666666666;7.333333333333333;0;119407
0.5352762504724826;0.3047377221962975;180000.0;9000.0;0;-5049;-3272.0;-2814.0;-15864;0.005313;7.71;8.96;13.83;20.0;5.0;1.0;30000.0;0.1793023255813953;10.0;-300.0;0.0;-264.0;85.0;1021.0;620.0;-30.0;435066.57;0.9044886938913264;18.0;12.0;0;119497
0.4848514754962666;0.2949143521277512;468000.0;19471.5;1;-4112;-3395.0;-1681.0;-20753;0.018209;4.61;9.3;11.27;27.842385024266235;3.591646330328536;1.1584038461538462;67500.0;0.0823214285714285;14.423333333333332;-147.0;0.0;-147.0;16.0;785.0;320.25;-59.25;435066.57;0.9809096599207175;7.0;10.0;0;120783
0.5585066276769286;0.3657412867172147;90000.0;11101.5;0;-50;-4486.0;-1195.0;-9927;0.018029;3.27;12.29;0.14;9.177138224564247;10.896643109540635;1.132;45000.0;0.1211111111111111;8.223333333333334;-454.0;0.0;-454.0;904.0;1365.0;1134.5;-43.0;135000.0;1.0212297216102544;7.0;10.0;0;123620
0.8224987619370829;0.7002506250119208;225000.0;11250.0;1;-4355;-7241.0;-3513.0;-21096;0.0060079999999999;9.62;19.84;11.93;20.0;5.0;1.0;144000.0;0.1687719298245613;7.8125;-2282.0;0.0;-264.0;85.0;1021.0;620.0;-30.0;143635.5;1.1111111111111112;17.0;12.0;0;124659
0.4830501881366946;0.4866275797554968;135000.0;6750.0;1;-3323;-6917.0;-527.0;-11321;0.0084739999999999;1.44;18.95;9.1;20.0;5.0;1.0;37500.0;0.0464516129032258;6.0;-1337.0;0.0;-264.0;85.0;1021.0;620.0;-30.0;272776.5;1.9;15.0;9.0;0;125420
0.4884551844437485;0.4725365344919281;675000.0;25101.0;1;-4039;-6203.0;-1681.0;-22337;0.0088659999999999;4.61;16.99;11.07;31.150950161348156;3.2101749539594846;1.1584;180000.0;0.0755737704918032;13.945;-292.0;1553.8649999999998;-292.0;-1850.0;1534.0;506.6666666666667;-170.66666666666666;5297142.015;0.8611479347334521;15.5;42.0;1;127689
0.656158373001177;0.7127595092662175;180000.0;9000.0;0;-4685;-7453.0;-3083.0;-13328;0.018209;8.45;20.42;12.84;20.0;5.0;1.0;105000.0;0.2347222222222222;2.857142857142857;-106.0;0.0;-106.0;-1423.0;1183.0;226.66666666666663;-257.5;465884.685;0.985857472188107;14.666666666666666;8.0;0;128906
0.4884551844437485;0.5408793462691088;225000.0;25321.5;0;-5049;-5475.0;-5917.0;-24000;0.0072739999999999;16.21;15.0;13.83;10.058645814821396;9.941696113074205;1.132;157500.0;0.2493846153846154;8.038571428571428;-628.0;1049.0;-1206.0;621.0;992.0;806.5;-16.0;681156.0;0.9931590287089416;10.0;10.0;0;129618
0.5352762504724826;0.7676116600202769;337500.0;24421.5;0;-4822;-5960.0;-386.0;-15511;0.072508;1.06;16.33;13.21;15.279159756771698;6.544862518089725;1.1056;56250.0;0.0252380952380952;21.708;-300.0;0.0;-264.0;85.0;1021.0;620.0;-30.0;435066.57;0.8069155369040419;16.0;18.0;0;133963
0.4489622731076524;0.5790780775322395;135000.0;14175.0;0;-4487;-7105.0;-1681.0;-21238;0.01885;4.61;19.47;12.29;12.540952380952382;7.973876063183476;1.3168;90000.0;0.0794827586206896;7.875;-104.0;1810.5;-104.0;506.0;1392.0;834.25;-36.5;0.0;0.4173622704507512;14.333333333333334;24.0;0;135222
0.2471909382666521;0.0146603456153077;135000.0;11632.5;1;-2860;-3128.0;-10773.0;-19306;0.030755;29.52;8.57;7.84;13.903288201160542;7.192543127434613;1.198;60750.0;0.5676923076923077;9.574074074074074;-144.0;1935.6627272727276;-144.0;732.0;31109.0;8470.75;-518.75;480663.585;0.8682512849963157;13.11111111111111;12.88888888888889;0;135499
0.3185955240537633;0.5480438828530343;180000.0;15466.5;0;-3973;-2163.0;-321.0;-11613;0.028663;0.88;5.93;10.88;13.94239162059936;7.17237061769616;1.198;67500.0;0.0283870967741935;11.456666666666669;-143.0;795.2760000000001;-143.0;-1571.0;1686.0;-27.33333333333333;-261.3333333333333;511393.5;1.0022223954041494;12.8;9.4;0;135828
0.6754132910917112;0.4804185498519857;477000.0;29439.0;0;-4722;-3546.0;-1681.0;-22959;0.020246;4.61;9.72;12.94;18.769489452766734;5.327795423080056;1.1583962264150944;78750.0;0.0743548387096774;18.69142857142857;-145.0;0.0;-145.0;171.0;171.0;171.0;-122.0;435066.57;1.0025343361674297;8.666666666666666;16.0;0;137044
0.5352762504724826;0.2625969832802178;283500.0;13788.0;1;-328;-324.0;-1046.0;-10358;0.0084739999999999;2.87;0.89;0.9;20.56135770234987;4.863492063492063;1.0;64500.0;0.1025;7.125581395348838;-300.0;0.0;-264.0;85.0;1021.0;620.0;-30.0;435066.57;0.8576232485028334;15.1;20.4;1;140401
0.6971469077844458;0.2969829495837593;1350000.0;43681.5;0;-2644;-4887.0;-2663.0;-10001;0.025164;7.3;13.39;7.24;30.905532090244154;3.2356666666666665;1.0;101250.0;0.2703703703703703;21.57111111111111;-112.0;0.0;-877.0;950.0;950.0;950.0;-23.0;2586656.61;1.0235910463512392;15.333333333333334;8.0;0;140670
0.5352762504724826;0.6750720046268032;99000.0;11083.5;1;-5333;-5333.0;-1867.0;-13922;0.02461;5.12;14.61;14.61;10.111246447421845;9.889977513652426;1.132;63000.0;0.1347368421052631;8.79642857142857;-1476.0;0.0;-264.0;85.0;1021.0;620.0;-30.0;75955.5;0.8278759291889977;12.0;12.0;0;142550
0.4083588531230431;0.6790738652319326;904500.0;39127.5;1;-4769;-3021.0;-4290.0;-13261;0.010147;11.75;8.28;13.07;25.130649798734904;3.979204708229792;1.0871194029850746;60000.0;0.3263888888888889;21.7375;-82.0;298.3378846153846;-82.0;-36.0;31169.0;4645.142857142857;-189.28571428571428;1725884.865;0.8067727488147158;16.125;12.625;0;145498
0.7180328113294772;0.7169982520317425;261000.0;6885.0;1;-4537;-5084.0;-5413.0;-13116;0.02461;14.83;13.93;12.43;37.908496732026144;2.6379310344827585;1.0;90000.0;0.4237142857142857;3.825;-445.0;0.0;-264.0;85.0;1021.0;620.0;-30.0;644796.0;0.7751323127047269;13.25;14.0;0;147943
0.5262949398096192;0.537401988152239;679500.0;23800.5;1;-4124;-10155.0;-1681.0;-22961;0.010147;4.61;27.82;11.3;34.20268481754585;2.923747083992084;1.198;36000.0;0.0743548387096774;33.05625;-343.0;0.0;-343.0;326.0;326.0;326.0;-22.0;409194.0;0.9154681722394724;14.857142857142858;20.857142857142858;0;150058
0.1895952597360396;0.5431103863150705;319500.0;25195.5;0;-1556;-6543.0;-1201.0;-8904;0.00496;3.29;17.93;4.26;15.358992677263798;6.510843653700797;1.2111971830985917;135000.0;0.1370833333333333;18.66333333333333;-146.0;0.0;-146.0;967.0;967.0;967.0;-15.0;435066.57;1.0409451972940411;13.2;14.4;0;150373
0.1528662291550415;0.4484254063704244;225000.0;10944.0;0;-1689;-6429.0;-806.0;-14180;0.00712;2.21;17.61;4.63;20.55921052631579;4.864;1.0;90000.0;0.0581578947368421;4.053333333333333;-275.0;18.81;-275.0;0.0;31091.0;17560.714285714286;-20.0;285347.295;0.8776159038327054;9.666666666666666;18.0;0;151790
0.5620604831738043;0.5715555046403424;450000.0;22018.5;0;-2604;-5018.0;-717.0;-10473;0.0145199999999999;1.96;13.75;7.13;20.437359493153483;4.893;1.0;67500.0;0.0699999999999999;16.31;-837.0;0.0;-837.0;-157.0;0.0;-78.5;-317.5;544500.0;1.045611085913062;13.5;7.0;0;152300
0.6092756673894402;0.3338866721326321;1125000.0;37800.0;1;-4257;-5044.0;-4570.0;-20849;0.010276;12.52;13.82;11.66;34.083333333333336;2.93398533007335;1.1452;135000.0;0.2196491228070175;28.000000000000004;-919.0;0.0;-919.0;330.0;330.0;330.0;-59.0;435066.57;0.9498528847383908;13.0;6.0;0;152450
0.5352762504724826;0.6305156006369708;288000.0;19476.0;1;-5157;-5278.0;-3984.0;-14375;0.04622;10.92;14.46;14.13;16.348890942698706;6.116622855366178;1.10559375;37500.0;0.2799999999999999;17.312;-300.0;0.0;-264.0;85.0;1021.0;620.0;-30.0;435066.57;0.9120348417206738;12.0;13.5;0;153453
0.7850520263728172;0.6550019497197495;679500.0;29700.0;1;-4062;-5247.0;-331.0;-11503;0.02461;0.91;14.38;11.13;30.12681818181818;3.319301739615866;1.3168013245033112;31500.0;0.0293548387096774;23.57142857142857;-455.0;0.0;-455.0;-312.0;1371.0;647.6666666666666;-123.0;281943.0;0.9849135977008984;15.666666666666666;15.333333333333334;0;154056
0.5460231970049609;0.5467652934316535;481500.0;26046.0;1;-275;-156.0;-1253.0;-14738;0.0228;3.43;0.43;0.75;20.68279198341396;4.834937182571505;1.118803738317757;28125.0;0.08575;23.152;-851.0;0.0;-264.0;85.0;1021.0;620.0;-30.0;41030.235;0.944773293228895;13.0;7.6;0;156315
0.5638350489514956;0.6561820128474227;472500.0;35379.0;1;-2526;-12244.0;-953.0;-15975;0.032561;2.61;33.55;6.92;15.647163571610278;6.39093465996846;1.1716;225000.0;0.0606976744186046;7.861999999999999;-1899.0;0.0;-1899.0;294.0;30975.0;15634.5;-414.5;435066.57;0.7847624469561921;14.5;19.0;0;156856
0.5902333386185574;0.7302131278193086;360000.0;21339.0;1;-3740;-3323.0;-1681.0;-20501;0.022625;4.61;9.1;10.25;20.433572332349215;4.893906869220608;1.2112;225000.0;0.0823214285714285;9.484;-373.0;0.0;-373.0;722.0;722.0;722.0;-9.0;435066.57;1.4027926960257788;15.0;6.0;0;158401
0.6263042766749393;0.6857748676410291;675000.0;34465.5;0;-4920;-3111.0;-3337.0;-14565;0.031329;9.14;8.52;13.48;19.584802193497847;5.106;1.0;135000.0;0.2343589743589743;12.765;-251.0;0.0;-251.0;0.0;30964.0;5464.666666666667;-86.66666666666667;4886966.7;1.004835060641928;12.428571428571429;14.285714285714286;0;161125
0.3441550073724169;0.5987582057166251;495000.0;24750.0;1;-2487;-1585.0;-716.0;-19032;0.0066709999999999;1.96;4.34;6.81;20.0;5.0;1.0;85500.0;0.0376923076923076;14.473684210526317;-357.0;1529.469;-357.0;0.0;714.0;240.66666666666663;-16.0;156613.5;0.9114175831676132;16.333333333333332;38.0;0;161520
0.6195277080511546;0.4887693023431124;900000.0;29745.0;0;-2724;-6162.0;-1051.0;-10071;0.00963;2.88;16.88;7.46;30.257186081694403;3.305;1.0;63000.0;0.1066666666666666;23.607142857142858;-618.0;0.0;-618.0;3034.0;3034.0;3034.0;-7.0;435066.57;1.0471758270679004;16.0;17.333333333333332;0;161585
0.5352762504724826;0.5964339064249727;675000.0;19476.0;1;-4549;-11456.0;-1681.0;-21829;0.026392;4.61;31.39;12.46;34.65804066543438;2.885333333333333;1.0;24750.0;0.0781355932203389;39.345454545454544;-300.0;0.0;-264.0;85.0;1021.0;620.0;-30.0;435066.57;1.0725185729203413;11.666666666666666;11.333333333333334;0;162244
0.5352762504724826;0.3454858866640793;675000.0;21906.0;1;-2132;-325.0;-90.0;-12752;0.0145199999999999;0.25;0.89;5.84;30.81347576006573;3.2453333333333334;1.0;78750.0;0.0073529411764705;13.90857142857143;-52.0;0.0;-52.0;1186.0;1796.0;1719.75;-18.25;421857.9;0.9894087069525666;14.0;14.0;1;166539
0.1082263226697141;0.6379370809054495;270000.0;13500.0;0;-3872;-8801.0;-3519.0;-14690;0.02461;9.64;24.11;10.61;20.0;5.0;1.0;157500.0;0.241;8.571428571428571;-55.0;2467.63125;-55.0;1051.0;1516.0;1283.5;-13.0;674046.0;1.0;14.0;11.0;0;169016
0.7407990879702335;0.3960765388447451;270000.0;13500.0;1;-4140;-8649.0;-1323.0;-21722;0.018801;3.62;23.7;11.34;20.0;5.0;1.0;180000.0;0.0613559322033898;7.5;-331.0;1064.5;-331.0;4.0;8911.0;2377.0;-19.75;212593.5;0.91589290251544;10.5;18.0;0;169352
0.4223696523543468;0.6228932101035792;450000.0;24412.5;0;-3318;-1169.0;-2693.0;-11476;0.030755;7.38;3.2;9.09;18.433179723502302;5.425;1.0;90000.0;0.2380645161290322;13.5625;-601.0;0.0;-264.0;85.0;1021.0;620.0;-30.0;891576.0;1.0130507062851948;14.055555555555555;16.555555555555557;0;172725
0.7121551551910698;0.5048454013421076;418500.0;25726.5;1;-2190;-497.0;-344.0;-18781;0.00702;0.94;1.36;6.0;19.48819310827357;5.131312043369774;1.198;126000.0;0.0184313725490196;20.417857142857144;-337.0;0.0;-337.0;1489.0;1489.0;1489.0;-29.0;1296000.0;0.5619581209833432;14.727272727272728;21.272727272727277;1;177000
0.4066174366275036;0.6630603732922612;463500.0;16407.0;1;-479;-705.0;-1681.0;-16948;0.00702;4.61;1.93;1.31;32.72490400438837;3.055776725474584;1.1583980582524271;112500.0;0.1002173913043478;14.584;-67.0;0.0;-67.0;172.0;1117.0;644.5;-355.5;144768.6;1.0;13.0;12.0;0;177629
0.7062051096536562;0.5123982607077575;1080000.0;31707.0;1;-4880;-4880.0;-1681.0;-21796;0.0196889999999999;4.61;13.37;13.37;34.06187908032926;2.935833333333333;1.0;56250.0;0.0781355932203389;28.184;-628.0;613.4367857142857;-1392.0;-1401.0;214.0;-639.3333333333334;-662.3333333333334;952672.32;1.2111646249416397;12.2;17.6;0;179742
0.6397075677637197;0.2449651158487481;202500.0;10125.0;0;-1371;-3537.0;-915.0;-8695;0.025164;2.51;9.69;3.76;20.0;5.0;1.0;112500.0;0.1091304347826086;9.0;-705.0;0.0;-705.0;27423.0;27423.0;27423.0;-54.0;90418.5;1.0;13.0;12.0;0;182887
0.5352762504724826;0.5391031094398469;904500.0;28399.5;1;-4829;-10262.0;-1681.0;-22984;0.0145199999999999;4.61;28.12;13.23;31.84915227380764;3.139800995024876;1.0;112500.0;0.0743548387096774;12.622;-300.0;0.0;-264.0;85.0;1021.0;620.0;-30.0;435066.57;0.980952380952381;8.75;12.0;0;183072
0.2896112383820055;0.322833889953666;405000.0;15795.0;1;-2395;-2218.0;-1681.0;-18872;0.009334;4.61;6.08;6.56;31.056410256410256;3.21994715984148;1.2112;180000.0;0.0903921568627451;8.774999999999999;-135.0;0.0;-135.0;860.0;860.0;860.0;-96.0;435066.57;0.9872940643532904;14.833333333333334;15.0;0;183376
0.4188542886233217;0.008541643159538;1125000.0;37800.0;1;-1651;-7970.0;-5786.0;-18103;0.006852;15.85;21.84;4.52;34.083333333333336;2.93398533007335;1.1452;90000.0;0.323469387755102;21.0;-535.0;918.4853571428572;-535.0;-6.0;31195.0;8055.0;-170.25;1262995.605;1.0657705754473097;9.75;9.75;0;183458
0.5262949398096192;0.6925343791471232;873000.0;33867.0;0;-4773;-6884.0;-2435.0;-14648;0.0196889999999999;6.67;18.86;13.08;30.881211799096462;3.2382148942395403;1.198;45000.0;0.16675;18.815;-378.0;15.75;-1117.0;346.0;346.0;346.0;-1018.0;2952640.8000000003;0.9953108326302764;12.31578947368421;18.210526315789476;0;183561
0.3217352821966848;0.6992214578556262;1125000.0;52168.5;1;-1433;-4579.0;-196.0;-11048;0.035792;0.54;12.55;3.93;25.151384456137325;3.975924274641608;1.16632;101250.0;0.018;25.76222222222222;-68.0;0.0;-68.0;236.0;236.0;236.0;-9.0;91298.385;0.5265992577682728;15.5;5.0;0;183903
0.3360615207658242;0.5501012894344819;450000.0;19449.0;1;-1633;-4679.0;-266.0;-21670;0.010276;0.73;12.82;4.47;26.80240629338269;3.7310082872928176;1.1584;90000.0;0.0123728813559322;10.805;-263.0;0.0;-263.0;-888.0;1095.0;482.5;-423.0;786015.0;0.9413497982739546;12.208333333333334;29.416666666666668;0;185400
0.3201633668633456;0.3744840034485191;927000.0;41337.0;1;-2384;-1153.0;-1520.0;-12138;0.007305;4.16;3.16;6.53;27.75375571521881;3.603115953966722;1.2376019417475728;112500.0;0.126060606060606;18.372;-920.0;0.0;-264.0;85.0;1021.0;620.0;-30.0;0.0;1.0;11.2;9.6;0;187264
0.5352762504724826;0.718875829328793;1125000.0;53455.5;0;-3136;-7464.0;-619.0;-19574;0.009334;1.7;20.45;8.59;23.545753009512584;4.247050411154809;1.1188;90000.0;0.0320754716981132;29.6975;-300.0;0.0;-264.0;85.0;1021.0;620.0;-30.0;435066.57;0.7345671411315612;14.0;6.0;0;187549
0.2405414172860865;0.2033031450442788;270000.0;15628.5;1;-1190;-3011.0;-921.0;-8519;0.010276;2.52;8.25;3.26;17.276130146847105;5.788333333333333;1.0;58500.0;0.1095652173913043;26.71538461538461;-238.0;0.0;-264.0;85.0;1021.0;620.0;-30.0;9630.0;1.011424174263052;17.333333333333332;12.0;0;190004
0.5352762504724826;0.53804340986339;454500.0;16047.0;1;-545;-7105.0;-1614.0;-17001;0.019101;4.42;19.47;1.49;33.93101514301738;2.9471561513413445;1.198;90000.0;0.0960869565217391;17.83;-300.0;0.0;-264.0;85.0;1021.0;620.0;-30.0;435066.57;0.966453205540194;11.0;15.0;0;192198
0.5190973382084597;0.3280472237021541;450000.0;50269.5;1;-1712;-971.0;-3409.0;-13522;0.010276;9.34;2.66;4.69;9.42440247068302;10.610752279635255;1.0528;112500.0;0.2524324324324324;22.342;-93.0;0.0;-93.0;447.0;447.0;447.0;-9.0;890410.5;0.9567964270890746;16.2;12.0;0;195474
0.6363761710860439;0.6335009687006106;810000.0;33714.0;1;-4414;-7058.0;-1282.0;-12936;0.032561;3.51;19.34;12.09;26.87987186332088;3.720255829658761;1.1188;41249.25;0.1002857142857142;20.43309878361425;-509.0;999.0;-264.0;85.0;1021.0;620.0;-30.0;345103.11;1.0;10.0;10.0;0;195922
0.5172965813614878;0.5472150380562968;360000.0;31446.0;0;-3409;-693.0;-3249.0;-10986;0.018029;8.9;1.9;9.34;12.657126502575844;7.900687409551375;1.1056;270000.0;0.2966666666666667;11.646666666666668;-402.0;23733.0;-402.0;982.0;4761.0;2871.5;-69.5;900000.0;0.9121642535948812;9.916666666666666;15.5;0;195931
0.4170996682522097;0.6632264589703282;495000.0;28404.0;0;-4063;-562.0;-186.0;-13189;0.0084739999999999;0.51;1.54;11.13;19.49746514575412;5.128871843208633;1.1188;60000.0;0.0141666666666666;15.78;-190.0;0.0;-190.0;906.0;4942.0;2924.0;-7.0;632095.65;0.8256122750073768;15.0;24.0;0;197158
0.5937175866150576;0.4763042542393578;238500.0;16627.5;0;-1121;-4970.0;-1577.0;-16371;0.010032;4.32;13.62;3.07;20.402435723951285;4.90137556873201;1.4223962264150944;37500.0;0.0981818181818181;14.78;-173.0;0.0;-173.0;192.0;887.0;539.5;-20.0;435066.57;0.9062186703331327;6.666666666666667;4.0;0;200579
0.0005272652387098;0.3444432757455808;810000.0;31302.0;1;-1088;-9498.0;-1486.0;-10520;0.010006;4.07;26.02;2.98;31.000575043128237;3.225746614728251;1.198;101250.0;0.1453571428571428;15.457777777777778;-220.0;3660.75;-220.0;0.0;0.0;0.0;-34.0;66514.5;1.0334183762726483;13.4;6.4;0;207407
0.6940926425266661;0.6018852922718863;1129500.0;31189.5;1;-1584;-1771.0;-94.0;-18029;0.0228;0.26;4.85;4.34;36.21411051796277;2.7613545816733067;1.0;56250.0;0.0053061224489795;13.862;-694.0;1496.25;-264.0;85.0;1021.0;620.0;-30.0;351522.0;0.8912382989196391;11.25;12.0;0;209923
0.7091891096653581;0.5675239446810828;1197000.0;39285.0;1;-5039;-12498.0;-1387.0;-12529;0.02461;3.8;34.24;13.81;34.89381443298969;2.865837444972967;1.1451992481203008;50625.0;0.1117647058823529;19.4;-262.0;0.0;-1955.0;-1240.0;-1240.0;-1240.0;-1596.0;834788.07;1.5633367662203914;20.0;8.0;0;210281
0.4632753280912678;0.1920173211502872;225000.0;12334.5;0;-646;-7274.0;-7694.0;-17112;0.0145199999999999;21.08;19.93;1.77;18.241517694272165;5.482;1.0;30000.0;0.4582608695652173;13.705;-312.0;2316.920625;-312.0;786.0;786.0;786.0;-17.0;1569924.0;0.9522494080505132;9.0;24.0;0;210876
0.0969483170508572;0.3351718622482214;562500.0;31266.0;1;-106;-5619.0;-5742.0;-16564;0.00496;15.73;15.39;0.29;23.69027058146229;4.221142162818955;1.3168;63000.0;0.3495555555555555;24.814285714285717;-21.0;1160.5745454545454;-21.0;-2.0;292.0;208.4;-27.8;386361.0;0.9265892716433106;12.125;20.75;0;210917
0.8825303127941461;0.2837286312270687;787500.0;32778.0;1;-4612;-5701.0;-1681.0;-23333;0.028663;4.61;15.62;12.64;26.879461834157052;3.720312579804893;1.1188;45000.0;0.0731746031746031;36.42;-300.0;0.0;-264.0;85.0;1021.0;620.0;-30.0;435066.57;1.0;13.0;12.0;0;211733
0.6430255641096323;0.5337740579830904;463500.0;18040.5;1;-4679;-9571.0;-1681.0;-21880;0.018801;4.61;26.22;12.82;30.779246694936397;3.2489424121107997;1.198;101250.0;0.0781355932203389;8.908888888888889;-408.0;0.0;-408.0;-2335.0;967.0;-348.6666666666667;-842.6666666666666;1947600.0;0.67787101752924;12.0;24.0;0;212292
0.4489622731076524;0.4038855736392278;720000.0;45625.5;1;-3380;-4588.0;-3965.0;-11982;0.022625;10.86;12.57;9.26;19.53013117664464;5.120293309631545;1.2376;63000.0;0.339375;36.21071428571428;-197.0;0.0;-197.0;0.0;1629.0;808.25;-13.25;3642763.5;0.7562167500269814;13.2;27.0;1;214075
0.3328505641648731;0.2650816394136861;450000.0;38263.5;1;-3614;-3614.0;-1681.0;-22083;0.0072739999999999;4.61;9.9;9.9;12.691991061978126;7.878984432913269;1.0792;213750.0;0.0768333333333333;8.950526315789475;-92.0;0.0;-92.0;31179.0;31179.0;31179.0;-17.0;757890.0;0.9089972704331256;15.0;14.0;0;217542
0.2970866116472028;0.6432736579131698;702000.0;31275.0;1;-4866;-2710.0;-4979.0;-14110;0.025164;13.64;7.42;13.33;25.1126618705036;3.982054969547306;1.118801282051282;52500.0;0.3589473684210526;19.857142857142858;-10.0;0.0;-10.0;537.0;657.0;588.6666666666666;-18.666666666666668;435066.57;0.9986927216620106;10.36842105263158;20.157894736842103;0;218213
0.5352762504724826;0.6454284843078232;787500.0;37458.0;1;-4064;-8382.0;-2773.0;-15896;0.019101;7.6;22.96;11.13;23.521143680922638;4.251493947596915;1.1188;112500.0;0.1767441860465116;33.296;-292.0;0.0;-292.0;0.0;0.0;0.0;-33.0;175067.235;0.9521601619927176;13.0;14.0;0;219684
0.5602843280409464;0.7590116210179404;247500.0;13270.5;1;-4329;-4910.0;-2355.0;-14862;0.02461;6.45;13.45;11.86;26.52831468294337;3.769557214439105;1.4224;90000.0;0.16125;14.745;-898.0;40385.25;-898.0;475.0;475.0;475.0;-65.0;329770.26;1.0755939639975898;12.5;16.5;0;220403
0.5352762504724826;0.4395885751666996;148500.0;19093.5;1;-1799;-7707.0;-1474.0;-11668;0.010643;4.04;21.12;4.93;8.804148008484562;11.358282471356675;1.132;49500.0;0.1303225806451612;19.28636363636364;-300.0;0.0;-264.0;85.0;1021.0;620.0;-30.0;435066.57;1.0;9.5;15.0;0;221046
0.5352762504724826;0.6395517810405058;238500.0;15831.0;1;-369;-364.0;-103.0;-10681;0.019101;0.28;1.0;1.01;16.656338828880045;6.003720326979197;1.1056037735849056;14625.0;0.0096551724137931;27.061538461538458;-300.0;0.0;-264.0;85.0;1021.0;620.0;-30.0;435066.57;0.926571343461424;15.0;3.0;0;221608
0.3842068130556564;0.3605827703387404;450000.0;59044.5;0;-3331;-384.0;-375.0;-10643;0.032561;1.03;1.05;9.13;8.42618702842771;11.867764109985528;1.1056;135000.0;0.0355172413793103;14.578888888888889;-395.0;7240.769999999999;-1057.0;50.0;50.0;50.0;-130.0;840676.5;0.9315380480749796;14.666666666666666;26.666666666666668;0;222441
0.4614823912998385;0.0157086441911829;292500.0;15052.5;1;-4274;-4729.0;-1681.0;-20741;0.00963;4.61;12.96;11.71;22.51001494768311;4.4424670633234165;1.1584;193500.0;0.0823214285714285;7.779069767441861;-197.0;0.0;-197.0;0.0;3164.0;1358.0;-21.0;571500.0;0.9273581024186623;11.23076923076923;15.692307692307692;1;222853
0.7136313997323308;0.2763747383118878;243000.0;30442.5;0;-4555;-900.0;-2980.0;-12666;0.010006;8.16;2.47;12.48;8.825129342202512;11.331278684131185;1.105592592592593;117000.0;0.24;8.673076923076923;-366.0;0.0;-478.0;298.0;3171.0;1561.0;-23.666666666666668;341199.0;1.0557647017733556;14.25;8.25;0;223211
0.5585066276769286;0.60073195190728;436500.0;35100.0;1;-3145;-543.0;-1377.0;-13370;0.002042;3.77;1.49;8.62;13.749102564102564;7.273201980548848;1.10559793814433;101250.0;0.1047222222222222;17.333333333333336;-331.0;1076.65875;-1992.0;-494.0;-179.0;-336.5;-823.5;1043319.825;0.9463528263189104;11.0;9.0;0;223215
0.4668640059537032;0.6475774254606734;1125000.0;33025.5;1;-306;-8310.0;-515.0;-16815;0.026392;1.41;22.77;0.84;34.06458645592043;2.9356;1.0;202500.0;0.0306521739130434;16.30888888888889;-1309.0;776.25;-264.0;85.0;1021.0;620.0;-30.0;54189.0;1.1303143320714264;14.25;20.0;0;223572
0.3296550543128238;0.13764763586563;157500.0;16960.5;0;-2295;-2281.0;-972.0;-9935;0.020713;2.66;6.25;6.29;9.286282833642876;10.768571428571429;1.0;112500.0;0.0985185185185185;15.076;-78.0;3624.855;-78.0;0.0;224.0;112.0;-224.5;140848.11;0.9822074352668884;11.0;12.0;0;223664
0.6058362647264226;0.4276772481199458;576000.0;49113.0;1;-2102;-3120.0;-1040.0;-18550;0.0228;2.85;8.55;5.76;12.65695437053326;7.900794857316597;1.079203125;67500.0;0.057;36.38;-195.0;28.022142857142857;-195.0;-129.0;1311.0;348.5;-209.0;418360.5;0.6433856141647085;9.555555555555555;7.777777777777778;0;228393
0.2405414172860865;0.7076287543105753;450000.0;22977.0;1;-4456;-2737.0;-539.0;-15769;0.035792;1.48;7.5;12.21;19.584802193497847;5.106;1.0;112500.0;0.0344186046511627;10.212;-21.0;469.5621428571429;-21.0;-2573.0;1075.0;82.6;-27.8;1944225.0;0.859228330093337;12.083333333333334;15.166666666666666;0;228775
0.5352762504724826;0.6596320573758511;472500.0;27256.5;1;-5027;-5058.0;-1681.0;-23135;0.072508;4.61;13.86;13.77;17.33531451213472;5.768571428571429;1.0;85500.0;0.0731746031746031;15.939473684210526;-300.0;0.0;-264.0;85.0;1021.0;620.0;-30.0;435066.57;1.050220106118546;15.125;17.25;0;230304
0.5352762504724826;0.5753692372088715;135000.0;8901.0;0;-3904;-2689.0;-830.0;-11775;0.020713;2.27;7.37;10.7;17.16885743174924;5.824499411071849;1.132;90000.0;0.0709375;4.945;-1015.0;0.0;-264.0;85.0;1021.0;620.0;-30.0;128150.19;0.9595336076817558;9.666666666666666;7.333333333333333;0;230966
0.5352762504724826;0.6175621923975045;225000.0;30357.0;0;-3742;-314.0;-3358.0;-11778;0.00963;9.2;0.86;10.25;8.3901571301512;11.918727915194346;1.132;45000.0;0.2875;22.486666666666665;-493.0;0.0;-493.0;237.0;5654.0;2945.5;-42.5;435066.57;1.0;17.0;10.0;0;232042
0.5352762504724826;0.0510796433388903;270000.0;25965.0;1;-1860;-1335.0;-1240.0;-10528;0.022625;3.4;3.66;5.1;12.5948006932409;7.939784236019374;1.2112;112500.0;0.1214285714285714;23.08;-300.0;0.0;-264.0;85.0;1021.0;620.0;-30.0;435066.57;0.9489708470291808;16.0;8.0;0;237021
0.2525986978339766;0.7074522796355631;688500.0;26487.0;0;-4259;-3462.0;-171.0;-15274;0.032561;0.47;9.48;11.67;30.11128100577642;3.321014472310773;1.1583986928104577;225000.0;0.0114634146341463;5.886;-200.0;153.594375;-200.0;-1641.0;31119.0;3568.5;-654.8;7643615.13;0.8568283610529955;13.875;14.25;0;237240
0.5424451438613613;0.3642866455014815;247500.0;13401.0;1;-3359;-227.0;-2140.0;-11764;0.025164;5.86;0.62;9.2;26.269979852249836;3.80662644442172;1.4224;101250.0;0.183125;6.617777777777778;-214.0;0.0;-214.0;0.0;1612.0;806.0;-22.0;94500.0;0.9989288718105436;12.571428571428571;18.0;0;241869
0.5352762504724826;0.6664181460330135;1845000.0;46768.5;1;-62;-411.0;-984.0;-8623;0.019101;2.7;1.13;0.17;39.44962955835658;2.534878048780488;1.0;59146.425;0.117391304347826;39.53620189216846;-300.0;0.0;-264.0;85.0;1021.0;620.0;-30.0;435066.57;1.0;13.0;12.0;0;242078
0.5352762504724826;0.1915258625230554;900000.0;35689.5;0;-1068;-7408.0;-2620.0;-17527;0.025164;7.18;20.3;2.93;25.217500945656287;3.965500000000001;1.0;99000.0;0.1495833333333333;36.05;-1397.0;15664.5;-264.0;85.0;1021.0;620.0;-30.0;438318.0;0.8279651722133194;13.88888888888889;11.555555555555555;0;242750
0.5352762504724826;0.6852515782853295;472500.0;21406.5;0;-59;-55.0;-3193.0;-16507;0.035792;8.75;0.15;0.16;30.813537944082405;3.2453267840087325;1.396;30000.0;0.1944444444444444;23.785;-300.0;0.0;-264.0;85.0;1021.0;620.0;-30.0;435066.57;0.9345029841942842;12.2;11.2;0;247241
0.6512602186973006;0.5861769357536845;675000.0;38938.5;1;-2647;-10079.0;-1681.0;-19099;0.0105;4.61;27.61;7.25;18.70796255633884;5.345317519149988;1.0792;78750.0;0.0886538461538461;24.722857142857144;-50.0;0.0;-50.0;-2405.0;31074.0;5415.2;-459.0;476474.94;1.045271611053972;14.5;14.8;0;260941
0.633031641417419;0.513840526493859;202500.0;10125.0;0;-69;-1913.0;-6333.0;-16521;0.018209;17.35;5.24;0.19;20.0;5.0;1.0;21000.0;0.3855555555555556;16.071428571428573;-140.0;624.6;-140.0;30982.0;30982.0;30982.0;-11.0;3105000.0;1.0833333333333333;12.0;12.0;0;262728
0.5585066276769286;0.3831336721851414;1125000.0;32895.0;0;-4637;-10075.0;-430.0;-16101;0.0084739999999999;1.18;27.6;12.7;34.19972640218878;2.924;1.0;67500.0;0.0268181818181818;24.366666666666667;-63.0;0.0;-63.0;0.0;512.0;256.0;-45.0;475312.5;0.9191237946602754;14.0;10.0;0;263179
0.7503751495159068;0.6521947523783574;54000.0;6084.0;1;-5018;-144.0;-1681.0;-24145;0.010147;4.61;0.39;13.75;10.04733727810651;9.952885747938751;1.132;54000.0;0.0698484848484848;11.266666666666666;-331.0;350.00625;-539.0;191.0;191.0;191.0;-13.0;504981.0;0.96600790513834;13.0;4.0;0;263462
0.2580842039460289;0.7318384329492704;270000.0;13500.0;1;-1164;-1170.0;-987.0;-12243;0.026392;2.7;3.21;3.19;20.0;5.0;1.0;301500.0;0.0818181818181818;4.477611940298507;-107.0;1436.5;-107.0;5.0;1716.0;658.25;-17.75;1265566.5;0.9796835366590168;13.2;26.4;0;263496
0.5352762504724826;0.7127236917387901;112500.0;11947.5;1;-3590;-3307.0;-2273.0;-10913;0.02461;6.23;9.06;9.84;9.416195856873824;10.62;1.0;20250.0;0.2148275862068965;14.75;-667.0;0.0;-264.0;85.0;1021.0;620.0;-30.0;44100.0;1.0097432557129675;14.0;12.0;0;264277
0.6380435278721609;0.6260930548981777;454500.0;13284.0;1;-4093;-2383.0;-1681.0;-20909;0.022625;4.61;6.53;11.21;34.21409214092141;2.922772277227723;1.0;45000.0;0.0808771929824561;29.520000000000003;-609.0;2884.1625;-264.0;85.0;1021.0;620.0;-30.0;345474.0;1.7920420420420422;10.0;18.5;0;264503
0.5316861425197883;0.7305447117906839;1350000.0;43681.5;0;-2837;-2837.0;-4996.0;-19551;0.019101;13.69;7.77;7.77;30.905532090244154;3.2356666666666665;1.0;112500.0;0.2583018867924528;19.414;-340.0;0.0;-340.0;25.0;1487.0;756.0;-28.0;435066.57;1.1704771080909204;14.166666666666666;8.666666666666666;1;264715
0.5352762504724826;0.4820126289144447;1350000.0;44748.0;0;-1961;-4898.0;-7078.0;-18543;0.028663;19.39;13.42;5.37;30.16894609814964;3.3146666666666667;1.0;112500.0;0.3878;19.888;-883.0;0.0;-264.0;85.0;1021.0;620.0;-30.0;540000.0;1.0;11.0;12.0;0;265848
0.3556387169923543;0.3284329652588291;697500.0;30483.0;1;-4252;-3314.0;-920.0;-20702;0.00712;2.52;9.08;11.65;30.13049896663714;3.3188962489711127;1.3168;45000.0;0.045;33.87;-406.0;0.0;-406.0;235.0;1420.0;873.75;-50.0;178758.0;0.9657924377568172;10.6;13.2;0;265965
0.6041125998015721;0.585747206032031;900000.0;34411.5;1;-1791;-64.0;-970.0;-9426;0.001333;2.66;0.18;4.91;26.154047338825684;3.8235;1.0;101250.0;0.1064;16.993333333333332;-158.0;0.0;-434.0;3955.0;3955.0;3955.0;-9.0;844191.0;1.0;13.0;12.0;0;266257
0.5298898341969072;0.5618368260015718;675000.0;29839.5;0;-5006;-7143.0;-1611.0;-14401;0.018634;4.41;19.57;13.72;27.099984919318352;3.690038953811909;1.198;42750.0;0.113076923076923;17.45;-529.0;300.0;-639.0;-272.0;702.0;248.5;-179.0;670288.635;0.7861950955542254;12.2;9.2;0;266737
0.324891229465852;0.1762500689074006;900000.0;57001.5;1;-3156;-2156.0;-504.0;-10479;0.006233;1.38;5.91;8.65;19.54053840688403;5.11756625727214;1.2376;37125.0;0.0492857142857142;38.38484848484848;-118.0;2926.584;-118.0;0.0;27347.0;9441.666666666666;-5.0;491656.5;1.0505106066320558;15.166666666666666;7.666666666666667;0;268212
0.5352762504724826;0.4109334678434191;328500.0;17136.0;0;-1942;-4379.0;-911.0;-9725;0.030755;2.5;12.0;5.32;19.17016806722689;5.216438356164384;1.0;60750.0;0.0961538461538461;14.103703703703705;-300.0;0.0;-264.0;85.0;1021.0;620.0;-30.0;435066.57;1.0;13.0;12.0;0;268433
0.5352762504724826;0.3753808510171217;675000.0;59094.0;0;-208;-9019.0;-126.0;-10536;0.04622;0.35;24.71;0.57;12.628693268352118;7.918475639170285;1.1056;270000.0;0.0124999999999999;21.886666666666667;-49.0;0.0;-49.0;1778.0;1778.0;1778.0;-49.0;435066.57;1.093581469366104;18.0;12.0;1;268908
0.5388627065779676;0.3927494379329767;675000.0;36459.0;1;-3904;-1474.0;-1413.0;-14395;0.010032;3.87;4.04;10.7;20.71340409775364;4.82779168156358;1.1188;67500.0;0.0992307692307692;27.006666666666668;-861.0;0.0;-861.0;31034.0;31034.0;31034.0;-43.0;435066.57;1.0319699106723084;6.0;9.0;0;270468
0.6894791426446275;0.4702915394735486;270000.0;13500.0;1;-3037;-9974.0;-487.0;-19887;0.009549;1.33;27.33;8.32;20.0;5.0;1.0;45000.0;0.0246296296296296;15.0;-477.0;0.0;-264.0;85.0;1021.0;620.0;-30.0;21037.5;0.8980822607620244;12.285714285714286;18.0;0;272414
0.108924403541012;0.3550154770914494;225000.0;14751.0;1;-1008;-3889.0;-2142.0;-11212;0.019101;5.87;10.65;2.76;18.273337400854174;5.472454090150251;1.198;16200.0;0.1956666666666666;18.211111111111112;-205.0;3249.9990000000003;-205.0;0.0;504.0;214.75;-13.75;36913.5;0.6338701124714876;15.142857142857142;9.571428571428571;1;274692
0.5352762504724826;0.5107700017316918;454500.0;21541.5;0;-4032;-9464.0;-1681.0;-22885;0.010006;4.61;25.93;11.05;23.60538959682473;4.236320675404207;1.1188019801980198;56250.0;0.0743548387096774;19.148;-505.0;0.0;-507.0;981.0;1315.0;1092.3333333333333;-606.3333333333334;860156.325;1.0674752054718626;14.0;15.0;0;275489
0.3910549766342248;0.1848317663289328;144000.0;14980.5;1;-4640;-4794.0;-190.0;-12515;0.025164;0.52;13.13;12.71;12.657855211775308;7.900232569177465;1.3168125;85500.0;0.0152941176470588;8.760526315789473;-11.0;0.0;-11.0;0.0;823.0;524.1666666666666;-21.0;987889.635;0.7879729549696941;12.22222222222222;14.666666666666666;0;280064
0.4992720153045617;0.5329576755442461;135000.0;14175.0;1;-4181;-7118.0;-578.0;-13214;0.010966;1.58;19.5;11.45;12.540952380952382;7.973876063183476;1.3168;28125.0;0.0438888888888888;12.6;-317.0;0.0;-264.0;85.0;1021.0;620.0;-30.0;61861.5;0.9115420247260646;16.0;21.0;0;289313
0.5352762504724826;0.6820498255181684;225000.0;21168.0;1;-862;-718.0;-499.0;-15896;0.04622;1.37;1.97;2.36;10.629251700680271;9.408;1.0;60000.0;0.031860465116279;11.76;-300.0;0.0;-264.0;85.0;1021.0;620.0;-30.0;435066.57;0.8984463625154131;12.0;24.0;0;290203
0.1624419982223248;0.5783103453759386;270000.0;13500.0;0;-4190;-6009.0;-1804.0;-12202;0.018634;4.94;16.46;11.48;20.0;5.0;1.0;63000.0;0.1496969696969697;10.714285714285714;-486.0;6375.0;-486.0;-121.0;1299.0;728.75;-347.75;456688.485;1.2500405368885683;18.0;12.0;0;290314
0.5352762504724826;0.2192504420274527;270000.0;19030.5;1;-4626;-10075.0;-1941.0;-16403;0.008068;5.32;27.6;12.67;16.435091038070468;6.084541896869245;1.1584;47250.0;0.1209090909090909;20.13809523809524;-115.0;0.0;-115.0;0.0;1711.0;855.5;-12.0;218745.0;0.8740970631526975;11.2;32.4;0;290324
0.4543210601605785;0.5861928491540385;855000.0;29947.5;0;-2574;-8247.0;-6190.0;-19307;0.031329;16.96;22.59;7.05;34.202854996243424;2.923732536683947;1.198;78750.0;0.3261538461538462;9.507142857142856;-830.0;0.0;-830.0;0.0;0.0;0.0;-375.0;14482300.5;0.9643221717259234;12.444444444444445;9.11111111111111;0;291278
0.2807895743848605;0.5700125947619713;504000.0;22329.0;1;-4864;-3000.0;-4738.0;-16118;0.028663;12.98;8.22;13.33;22.57154373236598;4.430357142857143;1.0;112500.0;0.295;19.848;-334.0;0.0;-334.0;12674.0;12674.0;12674.0;-8.0;867807.0;1.0509358811624625;13.5;7.0;0;295547
0.5352762504724826;0.5590517536491058;675000.0;83407.5;1;-5080;-302.0;-1681.0;-21784;0.032561;4.61;0.83;13.92;8.4132721877529;11.885981787867127;1.0396;360000.0;0.0781355932203389;23.16875;-300.0;0.0;-264.0;85.0;1021.0;620.0;-30.0;435066.57;1.0555559824200142;16.0;15.333333333333334;0;295940
0.5673792367572691;0.5826131760300148;598500.0;29623.5;0;-3017;-2779.0;-3466.0;-15676;0.025164;9.5;7.61;8.27;22.60367613550053;4.424059139784946;1.118796992481203;50625.0;0.2261904761904762;14.628888888888888;-240.0;0.0;-240.0;398.0;1586.0;1124.0;-42.333333333333336;764734.5;0.6887056820385935;13.5;15.666666666666666;0;296819
0.7530673920730478;0.0952898329849317;225000.0;11767.5;0;-4779;-9348.0;-3502.0;-14094;0.020246;9.59;25.61;13.09;26.692160611854685;3.7464183381088825;1.396;56250.0;0.2523684210526316;10.46;-35.0;0.0;-531.0;1295.0;1295.0;1295.0;-24.0;356670.0;1.0;13.0;12.0;0;297743
0.2567055724393002;0.4083157725279719;184500.0;11493.0;1;-3119;-5311.0;-178.0;-13820;0.0196889999999999;0.49;14.55;8.55;26.2247454972592;3.813192391531548;1.6336097560975609;45000.0;0.0132432432432432;8.513333333333334;-308.0;0.0;-308.0;0.0;30928.0;13108.142857142857;-16.285714285714285;63396.0;0.8178453702954446;11.833333333333334;12.0;0;298686
0.4884551844437485;0.2995597921772738;463500.0;16407.0;0;-5859;-820.0;-1681.0;-23729;0.02461;4.61;2.25;16.05;32.72490400438837;3.055776725474584;1.1583980582524271;92250.0;0.0709230769230769;8.892682926829268;-324.0;0.0;-324.0;124.0;1471.0;1006.0;-28.0;652500.0;1.0;13.0;12.0;0;299092
0.722392890081304;0.7087720583181191;454500.0;17608.5;0;-4619;-8058.0;-2766.0;-14190;0.035792;7.58;22.08;12.65;25.81139790442116;3.874257425742574;1.0;16875.0;0.1994736842105263;26.08666666666667;-687.0;0.0;-687.0;-57.0;408.0;175.5;-20.0;243510.66;1.0867524274959974;10.75;9.0;0;299094
0.5136937663039473;0.2652563401861944;1125000.0;37800.0;1;-1477;-3494.0;-3746.0;-17923;0.031329;10.26;9.57;4.05;34.083333333333336;2.93398533007335;1.1452;51750.0;0.2093877551020408;36.52173913043478;-341.0;0.0;-551.0;-184.0;27514.0;13665.0;-272.5;4901130.0;0.90695714110731;12.4;13.4;0;301983
0.3944954053123993;0.7005305401205288;202500.0;10125.0;1;-1773;-1724.0;-791.0;-12273;0.003813;2.17;4.72;4.86;20.0;5.0;1.0;45000.0;0.0657575757575757;11.25;-134.0;0.0;-134.0;50.0;50.0;50.0;-11.0;435066.57;1.238854916486613;13.0;11.0;0;302159
0.5352762504724826;0.6099575989492284;450000.0;31153.5;0;-1800;-3343.0;-1604.0;-10106;0.006629;4.39;9.16;4.93;19.02065578506428;5.257442284325638;1.3168;94500.0;0.1625925925925926;16.483333333333334;-300.0;0.0;-264.0;85.0;1021.0;620.0;-30.0;435066.57;0.8258953168044078;7.0;8.0;0;302674
0.6313545365850379;0.6169680804069924;544500.0;22783.5;1;-1759;-3850.0;-1586.0;-18220;0.018801;4.35;10.55;4.82;27.68437685166897;3.6121455987900064;1.158396694214876;67500.0;0.0887755102040816;16.87666666666667;-246.0;0.0;-292.0;228.0;1534.0;1053.3333333333333;-54.0;38205.0;1.1051619989017023;11.666666666666666;5.333333333333333;0;303141
0.2707073872651806;0.2632411250133655;270000.0;13914.0;1;-4459;-1233.0;-2648.0;-20922;0.031329;7.25;3.38;12.22;19.404915912031047;5.153333333333333;1.0;67500.0;0.1271929824561403;10.306666666666668;-187.0;0.0;-187.0;-215.0;27364.0;7213.75;-28.25;3106615.95;1.0;13.0;12.0;0;305238
0.5656079814115492;0.6981626316861905;225000.0;25321.5;0;-4350;-1360.0;-1003.0;-15110;0.009175;2.75;3.73;11.92;10.058645814821396;9.941696113074205;1.132;60000.0;0.0670731707317073;14.0675;-1423.0;0.0;-264.0;85.0;1021.0;620.0;-30.0;675000.0;0.7875681580333355;14.5;4.75;0;308198
0.5352762504724826;0.2524337304481729;675000.0;33259.5;0;-135;-4106.0;-216.0;-16603;0.018209;0.59;11.25;0.37;25.117034230821268;3.981361775479422;1.2376;45000.0;0.0131111111111111;24.636666666666667;-77.0;0.0;-77.0;10881.0;10881.0;10881.0;-15.0;675000.0;0.9886138218352728;8.5;9.0;0;309725
0.6006575372857061;0.177903883485287;423000.0;25047.0;1;-5030;-5607.0;-2439.0;-15223;0.025164;6.68;15.36;13.78;20.45508444125045;4.888760067806733;1.2112021276595746;74250.0;0.1629268292682927;16.866666666666667;-1485.0;0.0;-264.0;85.0;1021.0;620.0;-30.0;499374.0;0.8831176343467213;11.833333333333334;16.666666666666668;0;314231
0.2851799046358216;0.6312947023104666;337500.0;17361.0;0;-4619;-635.0;-1007.0;-13744;0.030755;2.76;1.74;12.65;19.440124416796262;5.144;1.0;33750.0;0.0745945945945945;12.86;-138.0;4720.5;-138.0;227.0;227.0;227.0;-45.0;117144.0;1.0362742060984795;11.25;9.5;0;316840
0.5638350489514956;0.6681465112923016;1125000.0;48631.5;1;-1327;-7100.0;-1307.0;-17792;0.006629;3.58;19.45;3.64;25.14851485148515;3.976377952755906;1.08712;101250.0;0.0745833333333333;24.01555555555556;-382.0;0.0;-382.0;0.0;2005.0;828.25;-39.25;4218642.0;1.0734693553047407;6.75;9.5;0;319834
0.5352762504724826;0.0799024685724234;288000.0;14265.0;1;-4814;-133.0;-1681.0;-21826;0.00733;4.61;0.36;13.19;23.38738170347003;4.27580997599072;1.15840625;90000.0;0.0781355932203389;15.85;-300.0;0.0;-264.0;85.0;1021.0;620.0;-30.0;435066.57;0.8277450442566963;12.833333333333334;16.333333333333332;0;321147
0.4101025731788671;0.1942664499695638;67500.0;6871.5;0;-2915;-2866.0;-2783.0;-19368;0.031329;7.62;7.85;7.99;12.416502946954813;8.05379746835443;1.264;132750.0;0.1437735849056604;2.588135593220339;-480.0;11005.587;-480.0;2077.0;2077.0;2077.0;-23.0;1577842.47;0.8043153827199253;11.444444444444445;10.666666666666666;0;324533
0.3706496323299817;0.7249557819702234;450000.0;31630.5;0;-3135;-8019.0;-2372.0;-15392;0.04622;6.5;21.97;8.59;16.480295916915637;6.067852209944751;1.1584;67500.0;0.1547619047619047;9.372;-266.0;0.0;-266.0;830.0;31048.0;10992.0;-36.333333333333336;611424.0;0.6287286894215943;15.5;7.5;0;324586
0.4992720153045617;0.6624347485948505;202500.0;20155.5;0;-4052;-2043.0;-1681.0;-24228;0.0060079999999999;4.61;5.6;11.1;10.046885465505694;9.953333333333331;1.0;67500.0;0.0698484848484848;9.953333333333331;-257.0;0.0;-257.0;109.0;2365.0;1237.0;-11.0;435066.57;0.9756496518997952;14.25;16.5;0;335486
0.1604889306273446;0.4474520339779709;450000.0;35554.5;0;-3403;-582.0;-676.0;-11134;0.008625;1.85;1.59;9.32;12.656625743576765;7.901;1.0;90000.0;0.0616666666666666;13.168333333333337;-77.0;1125.273;-77.0;-2504.0;1065.0;-479.6666666666667;-166.0;708314.625;0.8961751157377316;15.0;18.666666666666668;0;337656
0.3031463744186309;0.3468420175847975;391500.0;25573.5;1;-2537;-7589.0;-1115.0;-14817;0.0096569999999999;3.05;20.79;6.95;18.339961288052084;5.4525742137278606;1.198;180000.0;0.07625;14.2075;-120.0;0.0;-120.0;61.0;343.0;202.0;-16.5;40500.0;0.8293627773849779;12.318181818181818;20.63636363636364;1;339235
0.3723336657058204;0.4987116990251024;270000.0;24313.5;0;-4476;-8921.0;-2095.0;-14889;0.010032;5.74;24.44;12.26;13.303720155469184;7.516694490818029;1.198;67500.0;0.1435;18.01;-324.0;0.0;-324.0;41.0;1143.0;592.0;-8.0;280623.6;0.964336576059481;9.5;12.0;1;339712
0.5814837058057234;0.7354236791817218;450000.0;36589.5;1;-1226;-1217.0;-1681.0;-21196;0.072508;4.61;3.33;3.36;14.368466363300946;6.959685012411196;1.1683;112500.0;0.0794827586206896;16.262;-672.0;0.0;-264.0;85.0;1021.0;620.0;-30.0;1293352.02;1.0;14.0;10.0;0;342530
0.5779691187553125;0.3310040198388008;612000.0;32220.0;1;-1181;-1389.0;-1681.0;-17637;0.020246;4.61;3.81;3.24;23.507541899441343;4.253953919460057;1.2376029411764706;40500.0;0.0960416666666666;39.77777777777778;-26.0;0.0;-26.0;-34.0;1396.0;549.5;-43.0;1056976.245;0.9800493051961896;12.75;13.0;0;343905
0.5352762504724826;0.5565436211826176;261000.0;19413.0;0;-2981;-1037.0;-8965.0;-19446;0.010147;24.56;2.84;8.17;14.864394993045895;6.727485380116958;1.105603448275862;33750.0;0.4633962264150943;14.38;-877.0;0.0;-1395.0;431.0;431.0;431.0;-635.0;363661.875;0.9661662394727204;12.6;12.0;0;347928
0.5884877883422673;0.7807109587671263;922500.0;34209.0;1;-503;-7863.0;-250.0;-16964;0.006233;0.68;21.54;1.38;30.882136279926332;3.238117955751685;1.1452;67500.0;0.0147826086956521;25.34;-374.0;0.0;-374.0;668.0;722.0;695.0;-28.0;1174500.0;1.268251334583754;14.4;7.2;0;349569
0.5352762504724826;0.1292076478463849;1984500.0;108927.0;0;-168;-1318.0;-1563.0;-9547;0.072508;4.28;3.61;0.46;19.661530199124183;5.086074124813259;1.0791995464852608;157500.0;0.1646153846153846;34.58;-185.0;0.0;-264.0;85.0;1021.0;620.0;-30.0;2467287.0;1.0;13.0;12.0;0;349820
0.4776491548517548;0.8064502817744323;454500.0;22437.0;1;-4544;-3260.0;-263.0;-14820;0.006233;0.72;8.93;12.45;25.069795427196148;3.9888638218211496;1.2376039603960396;135000.0;0.018;16.619999999999997;-125.0;0.0;-125.0;0.0;240.0;80.0;-296.6666666666667;160302.06;1.0727105912474215;16.77777777777778;13.333333333333334;0;352301
0.6479768603302221;0.6471131568167311;202500.0;10125.0;1;-1519;-2243.0;-1866.0;-11749;0.018634;5.11;6.15;4.16;20.0;5.0;1.0;123750.0;0.1596875;4.090909090909091;-509.0;0.0;-509.0;-971.0;1317.0;314.6666666666667;-148.66666666666666;630000.0;0.9660380647250152;13.625;21.75;0;360720
0.6430255641096323;0.6391181386963255;900000.0;34911.0;0;-2131;-9980.0;-346.0;-10084;0.0084739999999999;0.95;27.34;5.84;30.88424851765919;3.2378964941569284;1.198;225000.0;0.0351851851851851;15.516;-25.0;0.0;-25.0;1071.0;1071.0;1071.0;-11.0;203296.5;1.0847150023081058;11.5;8.0;0;361168
0.133429254467317;0.3444087123456521;252000.0;17563.5;1;-1364;-9538.0;-7435.0;-17840;0.031329;20.37;26.13;3.74;20.408403791954907;4.899942250232255;1.4223928571428572;112500.0;0.424375;7.806;-40.0;0.0;-40.0;469.0;31068.0;10722.666666666666;-6.333333333333333;396000.0;0.9075872349349048;12.11111111111111;16.333333333333332;1;361587
0.2392262794694045;0.1214408847049011;90000.0;12087.0;1;-2237;-2868.0;-1539.0;-9608;0.031329;4.22;7.86;6.13;8.428890543559195;11.863957597173144;1.132;16200.0;0.1623076923076923;14.922222222222222;-70.0;0.0;-70.0;1017.0;1017.0;1017.0;-56.0;435066.57;0.9191244098350604;11.0;10.0;1;362078
0.4241303111942548;0.4136357699994091;135000.0;7528.5;1;-890;-8869.0;-3947.0;-17356;0.0088659999999999;10.81;24.3;2.44;23.61267184698147;4.235014175779668;1.3168;238500.0;0.23;3.156603773584905;-37.0;0.0;-37.0;0.0;30934.0;10798.666666666666;-353.6666666666667;1235911.5;0.9296566845531622;13.333333333333334;25.33333333333333;1;363304
0.5937175866150576;0.2962028246127759;675000.0;17937.0;1;-4047;-15547.0;-1681.0;-22942;0.025164;4.61;42.59;11.09;37.63171098845961;2.6573333333333333;1.0;49500.0;0.0743548387096774;36.23636363636364;-736.0;0.0;-264.0;85.0;1021.0;620.0;-30.0;490576.5;1.7101066754646432;8.666666666666666;11.333333333333334;0;363564
0.2692857999073816;0.7632931596180854;904500.0;30285.0;1;-4599;-7662.0;-3719.0;-13601;0.022625;10.19;20.99;12.6;34.20282317979198;2.9237352564241808;1.1451990049751244;60750.0;0.2754054054054053;24.925925925925927;-162.0;0.0;-162.0;-1772.0;1028.0;173.6;-184.2;454977.0;0.8120764306504349;16.142857142857142;21.857142857142858;0;364344
0.6263042766749393;0.4951583653730064;135000.0;18688.5;0;-4510;-1306.0;-5809.0;-14319;0.02461;15.92;3.58;12.36;8.367926799903683;11.950391344383055;1.1584;78750.0;0.4082051282051282;11.865714285714288;-567.0;0.0;-1088.0;156.0;156.0;156.0;-97.0;1427917.5;1.0;13.5;24.0;0;365959
0.2498850627504553;0.6069203238053984;225000.0;23850.0;1;-3073;-7699.0;-5577.0;-19542;0.00496;15.28;21.09;8.42;10.056603773584904;9.943714821763605;1.066;56250.0;0.2883018867924528;21.2;-269.0;0.0;-269.0;461.0;461.0;461.0;-18.0;101088.0;1.0024859918996438;15.545454545454543;9.818181818181818;0;369046
0.0472748180273464;0.0272475176117582;900000.0;52452.0;0;-1148;-2222.0;-1171.0;-8469;0.0228;3.21;6.09;3.15;19.53671928620453;5.118566660811523;1.1386;202500.0;0.1395652173913043;25.90222222222222;-168.0;1481.76;-168.0;0.0;30939.0;10561.0;-42.333333333333336;435066.57;0.9353828075187808;15.0;24.0;0;373306
0.3656165070113335;0.6547597753492544;477000.0;21609.0;1;-2597;-9585.0;-119.0;-15475;0.04622;0.33;26.26;7.12;30.81549354435652;3.24512083040493;1.396;75000.0;0.0078571428571428;9.604;-2470.0;0.0;-2470.0;-1367.0;-1367.0;-1367.0;-431.0;26505.0;1.0263929618768328;13.0;10.0;0;375877
0.5352762504724826;0.6276888702558343;355500.0;34150.5;0;-1307;-9160.0;-808.0;-21215;0.031329;2.21;25.1;3.58;12.608380550797207;7.931232690599363;1.2112025316455697;56250.0;0.038103448275862;30.356;-300.0;0.0;-264.0;85.0;1021.0;620.0;-30.0;435066.57;0.893813219586014;12.0;36.0;0;378637
0.5919766183185521;0.6478269171486717;225000.0;20250.0;1;-3003;-2094.0;-1583.0;-11128;0.005002;4.34;5.74;8.23;12.577777777777778;7.950530035335689;1.132;34500.0;0.1446666666666666;19.565217391304348;-37.0;3003.75;-37.0;-1340.0;1733.0;196.5;-313.0;368056.8;0.9776374555838618;14.4;8.4;0;379194
0.2079641743053816;0.6286644266926525;900000.0;34587.0;1;-1985;-9918.0;-1681.0;-18450;0.00702;4.61;27.17;5.44;30.14311735623211;3.317506906077348;1.1584;85500.0;0.0922;20.226315789473684;-33.0;2707.7882142857147;-497.0;-1841.0;1276.0;388.8333333333333;-438.0;298800.0;0.9468418357432417;13.75;25.0;0;379535
0.5226973172821112;0.6098587469004509;720000.0;32076.0;1;-1715;-9900.0;-2499.0;-18255;0.020713;6.85;27.12;4.7;25.113355780022445;3.9819449410082233;1.1188;180000.0;0.1369999999999999;8.91;-828.0;0.0;-828.0;207.0;207.0;207.0;-9.0;1350436.5;0.5943415864751205;12.666666666666666;12.0;0;382094
0.4276573700350293;0.0871220292527141;454500.0;33511.5;0;-1709;-7511.0;-113.0;-13844;0.022625;0.31;20.58;4.68;14.368067678259704;6.959878129702146;1.0593960396039603;45000.0;0.0083783783783783;37.235;-442.0;4080.0;-442.0;862.0;862.0;862.0;-24.0;251646.075;1.1111135992117698;15.0;12.0;0;382748
0.4418358231994413;0.7195161819298735;270000.0;23926.5;1;-3187;-3160.0;-2685.0;-13304;0.0096569999999999;7.36;8.66;8.73;13.66785781455708;7.316435490973141;1.2112;78750.0;0.2044444444444444;15.191428571428572;-565.0;0.0;-622.0;0.0;0.0;0.0;-12.0;237226.5;0.9824281150159744;14.0;6.0;0;385075
0.4223696523543468;0.7630322969849866;270000.0;13500.0;1;-246;-9025.0;-9538.0;-16703;0.028663;26.13;24.73;0.67;20.0;5.0;1.0;123750.0;0.5806666666666667;5.454545454545454;-232.0;261.6;-232.0;-168.0;739.0;406.6;-14.2;1938469.32;0.9439698492462312;12.0;6.0;0;386789
0.5352762504724826;0.4506981331911686;225000.0;21676.5;0;-508;-5361.0;-1551.0;-11455;0.018029;4.25;14.69;1.39;12.8461698152377;7.784421460892049;1.2376;99000.0;0.1370967741935483;21.895454545454545;-300.0;0.0;-264.0;85.0;1021.0;620.0;-30.0;435066.57;1.0338255437661144;8.9;10.0;0;387242
0.3556387169923543;0.7521057714242688;495000.0;38673.0;1;-1006;-4367.0;-6380.0;-17469;0.072508;17.48;11.96;2.76;14.32022341168257;6.983131277017583;1.1188;157500.0;0.3719148936170213;12.277142857142858;-107.0;0.0;-281.0;-93.0;1181.0;268.4;-251.4;11227558.5;1.0258261655931582;14.76923076923077;12.153846153846152;0;388586
0.4992720153045617;0.1926083397975429;225000.0;9985.5;1;-3421;-3246.0;-1681.0;-21617;0.025164;4.61;8.89;9.37;26.994141505182515;3.704507512520868;1.198;67500.0;0.0781355932203389;14.793333333333331;-213.0;0.0;-264.0;85.0;1021.0;620.0;-30.0;204750.0;1.0;13.0;12.0;0;390581
0.6347055309763198;0.1888651223779059;1530000.0;47070.0;0;-487;-467.0;-3258.0;-13179;0.035792;8.93;1.28;1.33;36.36634799235182;2.749794948369051;1.1188;162000.0;0.2480555555555555;14.52777777777778;-413.0;0.0;-413.0;0.0;31075.0;15537.5;-20.5;3436821.405;1.027430815918492;14.0;12.8;0;391428
0.4365064990977374;0.6963624061144457;1755000.0;58396.5;1;-4594;-11247.0;-1681.0;-22538;0.025164;4.61;30.81;12.59;32.90945518995145;3.038640397502962;1.0950410256410257;123750.0;0.0755737704918032;23.59454545454545;-244.0;0.0;-244.0;867.0;1158.0;984.3333333333334;-20.666666666666668;0.0;0.6252340802868684;11.25;15.0;0;391992
0.5971924268337128;0.7021702988202532;463500.0;33075.0;1;-2480;-6549.0;-5206.0;-18955;0.031329;14.26;17.94;6.79;14.845986394557825;6.735827269561392;1.0593980582524272;108000.0;0.2796078431372549;15.312500000000002;-13.0;1731.253846153846;-13.0;43.0;416.0;280.6666666666667;-15.666666666666666;794312.01;0.9757766371165264;13.0;15.333333333333334;0;392797
0.3910549766342248;0.6820355988768458;1800000.0;68643.0;1;-2400;-118.0;-6478.0;-18867;0.019101;17.75;0.32;6.58;28.714828897338403;3.4825211864406778;1.09504;252000.0;0.3480392156862745;27.23928571428572;-527.0;0.0;-1545.0;-423.0;522.0;-108.0;-441.3333333333333;1558516.5;0.9211743775292192;10.461538461538462;32.15384615384615;0;402999
0.8027454758994178;0.7137389777296912;675000.0;23773.5;1;-4014;-13519.0;-1681.0;-22530;0.006207;4.61;37.04;11.0;34.01476433844407;2.939899833055092;1.198;247500.0;0.0755737704918032;9.605454545454544;-2160.0;0.0;-2781.0;-1677.0;-1677.0;-1677.0;-677.0;158332.5;0.9931317059092344;14.25;18.5;0;403104
0.5352762504724826;0.3818269572221824;450000.0;29430.0;0;-3488;-4789.0;-763.0;-10912;0.00496;2.09;13.12;9.56;15.29051987767584;6.54;1.0;135000.0;0.0720689655172413;21.8;-271.0;5625.0;-271.0;451.0;451.0;451.0;-149.0;214730.28;0.9695222405271828;17.0;9.0;1;403499
0.3927738606031339;0.7187167073552669;225000.0;16573.5;1;-308;-658.0;-427.0;-10976;0.018029;1.17;1.8;0.84;18.951941352158567;5.276504297994269;1.396;28125.0;0.039;14.732;-90.0;837.6705;-90.0;96.0;31167.0;4838.333333333333;-23.88888888888889;93150.0;0.6381633322105515;8.333333333333334;9.77777777777778;1;404498
0.2567055724393002;0.5595152971549956;225000.0;18643.5;0;-2590;-9524.0;-345.0;-9931;0.015221;0.95;26.09;7.1;15.25464639150374;6.555379746835444;1.264;78750.0;0.0351851851851851;11.837142857142858;-518.0;0.0;-518.0;1116.0;10439.0;4281.333333333333;-33.333333333333336;362394.0;0.7729704142742055;15.333333333333334;13.333333333333334;0;412763
0.3474182272002641;0.6358130567937719;675000.0;21906.0;0;-709;-6467.0;-433.0;-17175;0.0196889999999999;1.19;17.72;1.94;30.81347576006573;3.2453333333333334;1.0;121500.0;0.0253191489361702;18.02962962962963;-87.0;360.0;-87.0;0.0;1739.0;1206.25;-27.75;435066.57;0.8786363940489963;9.0;22.0;0;415002
0.7726311345553628;0.5992046810801049;144000.0;15084.0;1;-4261;-5522.0;-1681.0;-22105;0.01885;4.61;15.13;11.67;10.176610978520287;9.826454033771109;1.066;51750.0;0.0768333333333333;14.573913043478262;-321.0;9.10125;-413.0;317.0;887.0;688.6666666666666;-429.3333333333333;338820.3;0.9577219912433822;10.666666666666666;12.0;0;415132
0.3312508645909018;0.5707627922010486;283500.0;16897.5;1;-5133;-7629.0;-1681.0;-21684;0.0031219999999999;4.61;20.9;14.06;19.43515312916112;5.145315775771112;1.158396825396825;90000.0;0.0781355932203389;9.3875;-103.0;0.0;-103.0;-2512.0;27334.0;5061.8;-502.4;22743.0;0.8910442356313557;11.142857142857142;23.142857142857142;0;417494
0.5352762504724826;0.5267695171272786;1084500.0;35973.0;0;-5739;-7999.0;-1681.0;-22188;0.010006;4.61;21.92;15.72;30.147610708031024;3.31701244813278;1.0;40500.0;0.0768333333333333;44.41111111111111;-300.0;0.0;-264.0;85.0;1021.0;620.0;-30.0;435066.57;1.0424240655902983;10.0;14.5;1;417618
0.2764406945454034;0.5947906077392551;225000.0;17905.5;1;-633;-2843.0;-282.0;-7968;0.026392;0.77;7.79;1.73;12.565971349585324;7.958;1.0;112500.0;0.0366666666666666;15.916;-116.0;1620.0;-116.0;188.0;188.0;188.0;-17.0;43690.5;1.0082756095527114;16.142857142857142;7.142857142857143;0;417860
0.2263473957097693;0.6161926265473949;135000.0;16020.0;0;-2606;-4755.0;-2450.0;-9922;0.020713;6.71;13.03;7.14;8.426966292134832;11.866666666666667;1.0;126000.0;0.2485185185185185;12.714285714285714;-494.0;0.0;-264.0;85.0;1021.0;620.0;-30.0;1900806.21;1.0588460464932852;13.8;10.4;0;421936
0.221335206354466;0.1315580785362522;135000.0;11119.5;1;-1894;-532.0;-874.0;-12312;0.0228;2.39;1.46;5.19;13.743423715095105;7.27620730270907;1.132;157500.0;0.0724242424242424;7.06;-182.0;0.0;-182.0;890.0;1635.0;1146.3333333333333;-34.333333333333336;1290246.57;0.9577366398882292;13.214285714285714;18.714285714285715;0;425854
0.5919766183185521;0.5571641854267586;463500.0;24160.5;0;-5636;-3294.0;-1681.0;-15209;0.018209;4.61;9.02;15.44;21.463214751350343;4.659134298309556;1.1187961165048543;46125.0;0.1124390243902439;13.095121951219513;-374.0;0.0;-374.0;120.0;395.0;290.3333333333333;-25.33333333333333;1009741.5;0.9970696766456576;7.25;15.0;0;426865
0.5424451438613613;0.7513098921615109;1125000.0;44748.0;1;-2171;-4939.0;-1003.0;-14102;0.026392;2.75;13.53;5.95;25.1407884151247;3.9776;1.0;101250.0;0.0723684210526315;22.09777777777778;-246.0;0.0;-246.0;300.0;300.0;300.0;-30.0;193672.89;0.9946913363389738;16.0;23.0;0;428303
0.4101025731788671;0.3948950044972873;270000.0;13500.0;1;-532;-436.0;-734.0;-7913;0.035792;2.01;1.19;1.46;20.0;5.0;1.0;126000.0;0.0957142857142857;10.714285714285714;-269.0;0.0;-269.0;35.0;27359.0;13697.0;-14.0;435066.57;1.0555555555555556;15.0;17.0;0;430588
0.3360615207658242;0.2858978721410488;225000.0;16326.0;0;-4099;-2070.0;-2786.0;-20704;0.018634;7.63;5.67;11.23;17.420066152149946;5.7405063291139244;1.264;56250.0;0.13625;14.512;-317.0;243.8678571428572;-493.0;-444.0;27530.0;9103.666666666666;-371.0;491020.425;1.0642966939542846;13.0;8.0;0;432048
0.5352762504724826;0.6978814578143742;675000.0;21775.5;1;-4631;-4295.0;-2295.0;-14220;0.035792;6.29;11.77;12.69;30.998140111593305;3.2259999999999995;1.0;56250.0;0.1655263157894737;19.356;-300.0;0.0;-264.0;85.0;1021.0;620.0;-30.0;435066.57;1.0265229295003422;16.0;10.0;0;432496
0.7165702448010511;0.5647900180593396;495000.0;24750.0;0;-2770;-3289.0;-1681.0;-14695;0.00496;4.61;9.01;7.59;20.0;5.0;1.0;34200.0;0.11525;14.473684210526317;-256.0;771.915;-256.0;576.0;1570.0;1073.0;-17.5;562914.0;0.9906846701091188;12.571428571428571;12.857142857142858;0;435348
0.475849908720221;0.5421769202693426;900000.0;26316.0;1;-3122;-4531.0;-1221.0;-10448;0.026392;3.35;12.41;8.55;34.19972640218878;2.924;1.0;37500.0;0.1196428571428571;23.392;-531.0;68946.0;-995.0;832.0;832.0;832.0;-29.0;718812.0;0.7723575084265751;11.714285714285714;12.571428571428571;0;435893
0.5352762504724826;0.6168957298267582;810000.0;34600.5;1;-1855;-1821.0;-2807.0;-14296;0.016612;7.69;4.99;5.08;27.736246586031992;3.6053905019131216;1.1848;78750.0;0.1971794871794872;21.96857142857143;-2839.0;0.0;-264.0;85.0;1021.0;620.0;-30.0;13500.0;1.249912498848669;12.0;12.0;0;436578
0.3328505641648731;0.6565667219878174;679500.0;19998.0;1;-4071;-2134.0;-262.0;-15166;0.0035409999999999;0.72;5.85;11.15;33.97839783978398;2.943046357615894;1.0;180000.0;0.017560975609756;11.11;-2425.0;14445.0;-264.0;85.0;1021.0;620.0;-30.0;129970.35;0.9987528535889316;12.666666666666666;8.333333333333334;0;442621
0.6971469077844458;0.7194146681670862;450000.0;22086.0;1;-1108;-11367.0;-3168.0;-17576;0.02461;8.68;31.14;3.04;23.602281988590057;4.236878453038674;1.1584;180000.0;0.1808333333333333;12.27;-160.0;0.0;-160.0;90.0;1666.0;878.0;-17.5;766233.0;0.6445108937066906;12.666666666666666;7.0;0;443687
0.6577838002083306;0.7208162170853314;675000.0;40320.0;0;-2469;-847.0;-2935.0;-19987;0.032561;8.04;2.32;6.76;20.71875;4.826546003016592;1.2376;135000.0;0.1488888888888888;14.933333333333335;-842.0;0.0;-264.0;85.0;1021.0;620.0;-30.0;8886834.45;1.0031372549019608;15.0;12.0;0;443925
0.7922644738669378;0.5646717621530153;679500.0;19867.5;1;-4778;-1846.0;-2243.0;-16100;0.018801;6.15;5.06;13.09;34.20158550396376;2.923841059602649;1.0;22500.0;0.1397727272727272;29.433333333333334;-448.0;0.0;-448.0;-824.0;1379.0;277.5;-423.5;515441.43;0.6752410168592647;8.333333333333334;4.333333333333333;0;446104
0.2866524828090694;0.6911217307011134;180000.0;9000.0;0;-3447;-2576.0;-3241.0;-11130;0.009175;8.88;7.06;9.44;20.0;5.0;1.0;30000.0;0.296;10.0;-137.0;0.7275;-137.0;228.0;10294.0;3892.0;-238.33333333333331;137481.66;1.1250193498452012;15.5;11.0;0;449613
0.1684161714286957;0.5750753634080498;292500.0;23805.0;0;-4054;-86.0;-3319.0;-15345;0.018801;9.09;0.24;11.11;14.88241965973535;6.7193374657047045;1.2112;101250.0;0.2164285714285714;11.755555555555556;-281.0;0.0;-281.0;1058.0;10538.0;3536.0;-43.25;435066.57;0.6811665085995514;12.333333333333334;26.4;0;452487
0.6690566947824041;0.5345086476633539;454500.0;36000.0;0;-4315;-266.0;-5284.0;-14084;0.020713;14.48;0.73;11.82;13.374875;7.476705389769998;1.0593960396039603;78750.0;0.3810526315789473;11.428571428571429;-1100.0;0.0;-264.0;85.0;1021.0;620.0;-30.0;146456.91;0.9750143375553212;12.625;26.0;0;456076
